Description;category;Prix;Marque;Couleurs;Taille;Etat;Vues;Interesses;Emplacement;Date;Current_date;No;url
Powerphase rose;sneakers-and-converses;60,00;ADIDAS;ROSE, ROSE;44;NEUF, AVEC ÉTIQUETTE;2;0;NÎMES, FRANCE;09/07/2020 14:25;2020-07-09 16:47:46.789066;542381865;https://www.vinted.fr/hommes/sneakers-and-converses/542381865-powerphase-rose
Chaussures baskets Adidas Powerphase FU9544;exterieur-and-randonnee;49,00;ADIDAS;GRIS;43.5;NEUF, AVEC ÉTIQUETTE;28;0;FRANCE;07/07/2020 20:36;2020-07-09 16:47:56.141552;540903735;https://www.vinted.fr/hommes/exterieur-and-randonnee/540903735-chaussures-baskets-adidas-powerphase-fu9544
Adidas YEEZY Powerphase Calabasas;sneakers-and-converses;90,00;ADIDAS;GRIS;41;NEUF;12;0;BELGIQUE;07/07/2020 14:17;2020-07-09 16:48:03.919125;540471682;https://www.vinted.fr/hommes/sneakers-and-converses/540471682-adidas-yeezy-powerphase-calabasas
Adidas Yeezy Powerphase;sneakers-and-converses;80,00;ADIDAS;NOIR;42;NEUF, AVEC ÉTIQUETTE;48;1;BEAUVAIS, FRANCE;06/07/2020 22:14;2020-07-09 16:48:15.875190;540056353;https://www.vinted.fr/hommes/sneakers-and-converses/540056353-adidas-yeezy-powerphase
Yeezy Powerphase Calabasas;sneakers-and-converses;50,00;ADIDAS;NOIR;40;TRÈS BON ÉTAT;17;0;POMMERÉVAL, FRANCE;05/07/2020 19:16;2020-07-09 16:48:31.936577;538750698;https://www.vinted.fr/hommes/sneakers-and-converses/538750698-yeezy-powerphase-calabasas
Basket;baskets-baskets;40,00;ADIDAS;LILA;40;NEUF;10;0;L'HAŸ-LES-ROSES, FRANCE;03/07/2020 21:49;2020-07-09 16:48:48.783968;536781115;https://www.vinted.fr/femmes/baskets-baskets/536781115-basket
Chaussures Adidas powerphase;sneakers-and-converses;50,00;ADIDAS;BEIGE , ROSE;45;NEUF, AVEC ÉTIQUETTE;87;2;FRANCE;02/07/2020 22:27;2020-07-09 16:48:58.891906;535950643;https://www.vinted.fr/hommes/sneakers-and-converses/535950643-chaussures-adidas-powerphase
yeezy powerphase calabasas;sneakers-and-converses;70,00;ADIDAS;NOIR;42.5;NEUF;34;1;WINGLES, FRANCE;02/07/2020 16:44;2020-07-09 16:49:05.623707;535569762;https://www.vinted.fr/hommes/sneakers-and-converses/535569762-yeezy-powerphase-calabasas
Adidas powerphase;sneakers-and-converses;60,00;ADIDAS;GRIS, BLANC;42.5;TRÈS BON ÉTAT;25;1;FRANCE;01/07/2020 23:28;2020-07-09 16:49:14.197443;535011815;https://www.vinted.fr/hommes/sneakers-and-converses/535011815-adidas-powerphase
Yeezy Powerphase Calabasas;sneakers-and-converses;105,00;ADIDAS;NOIR;44;NEUF, AVEC ÉTIQUETTE;58;2;FRANCE;01/07/2020 11:51;2020-07-09 16:49:20.002807;534173690;https://www.vinted.fr/hommes/sneakers-and-converses/534173690-yeezy-powerphase-calabasas
Chaussures Adidas Powerphase;baskets-baskets;35,00;ADIDAS;GRIS, BLANC;38;NEUF, AVEC ÉTIQUETTE;15;1;LANNION, FRANCE;29/06/2020 20:58;2020-07-09 16:49:26.728156;532782039;https://www.vinted.fr/femmes/baskets-baskets/532782039-chaussures-adidas-powerphase
adidas Yeezy Powerphase Calabasas Core Black;sneakers-and-converses;80,00;ADIDAS;NOIR;46;NEUF, AVEC ÉTIQUETTE;71;0;DOUVAINE, FRANCE;28/06/2020 19:03;2020-07-09 16:49:33.768731;531448575;https://www.vinted.fr/hommes/sneakers-and-converses/531448575-adidas-yeezy-powerphase-calabasas-core-black
Yeezy Powerphase;sneakers-and-converses;120,00;ADIDAS;NOIR;45;NEUF;37;0;STRASBOURG, FRANCE;27/06/2020 18:46;2020-07-09 16:49:41.992687;530338870;https://www.vinted.fr/hommes/sneakers-and-converses/530338870-yeezy-powerphase
Chaussures Adidas Yeezy Calabasas powerphase 39 neuves;autres-chaussures;50,00;ADIDAS;BLANC;39;NEUF, AVEC ÉTIQUETTE;72;5;DRUELLE, FRANCE;22/06/2020 16:55;2020-07-09 16:50:00.201748;525834621;https://www.vinted.fr/femmes/autres-chaussures/525834621-chaussures-adidas-yeezy-calabasas-powerphase-39-neuves
Adidas Yeezy Powerphase;baskets-baskets;50,00;ADIDAS;GRIS;38;BON ÉTAT;80;1;BARCELONA, ESPAÑA;03/06/2020 00:27;2020-07-09 16:50:06.858409;504295015;https://www.vinted.fr/femmes/baskets-baskets/504295015-adidas-yeezy-powerphase
Adidas Powerphase;baskets-baskets;40,00;ADIDAS;BEIGE , BLANC;36;TRÈS BON ÉTAT;378;1;PALOMEQUE, ESPAÑA;08/07/2020 10:45;2020-07-09 16:50:14.361469;541199130;https://www.vinted.fr/femmes/baskets-baskets/541199130-adidas-powerphase
Adidas Powerphase;baskets-baskets;40,00;ADIDAS;BEIGE , BLANC;36;TRÈS BON ÉTAT;378;1;PALOMEQUE, ESPAÑA;08/07/2020 10:45;2020-07-09 16:50:20.695072;541199130;https://www.vinted.fr/femmes/baskets-baskets/541199130-adidas-powerphase
Adidas Powerphase en Gris;sneakers-and-converses;20,00;ADIDAS;GRIS, CRÈME;43;BON ÉTAT;38;0;A CORUÑA, ESPAÑA;02/07/2020 15:39;2020-07-09 16:50:29.066172;535488875;https://www.vinted.fr/hommes/sneakers-and-converses/535488875-adidas-powerphase-en-gris
Adidas powerphase;sneakers-and-converses;45,00;ADIDAS;GRIS;42;NEUF, AVEC ÉTIQUETTE;28;2;ALCORCÓN, ESPAÑA;27/06/2020 15:02;2020-07-09 16:50:39.704679;530043976;https://www.vinted.fr/hommes/sneakers-and-converses/530043976-adidas-powerphase
Adidas Original Powerphase T44;autres-sports;40,00;ADIDAS;CRÈME;44;NEUF, AVEC ÉTIQUETTE;136;3;SAN SEBASTIAN DE LOS REYES, ESPAÑA;15/06/2020 05:40;2020-07-09 16:50:53.616263;517890639;https://www.vinted.fr/hommes/autres-sports/517890639-adidas-original-powerphase-t44
Adidas Powerphase. Talla 45 1/3;sport-en-interieur;59,00;ADIDAS;BEIGE;45;NEUF;59;0;ESPAÑA;14/06/2020 23:09;2020-07-09 16:51:00.428874;517827982;https://www.vinted.fr/hommes/sport-en-interieur/517827982-adidas-powerphase-talla-45-13
Deportivas talla 38 #powerphase;baskets-baskets;44,00;ADIDAS;MULTICOLORE;38.5;NEUF, AVEC ÉTIQUETTE;40;1;MADRID, ESPAÑA;14/06/2020 02:48;2020-07-09 16:51:07.782491;516485267;https://www.vinted.fr/femmes/baskets-baskets/516485267-deportivas-talla-38-powerphase
Baskets Adidas Powerphase taille 38 2/3;baskets-baskets;45,00;ADIDAS;BLANC;38.5;NEUF, AVEC ÉTIQUETTE;107;3;MADRID, ESPAÑA;13/06/2020 10:31;2020-07-09 16:51:14.785029;515524702;https://www.vinted.fr/femmes/baskets-baskets/515524702-baskets-adidas-powerphase-taille-38-23
Powerphase Adidas;baskets-baskets;30,00;ADIDAS;GRIS;37;TRÈS BON ÉTAT;95;0;SAN SEBASTIAN DE LOS REYES, ESPAÑA;12/06/2020 13:08;2020-07-09 16:51:22.595633;514690542;https://www.vinted.fr/femmes/baskets-baskets/514690542-powerphase-adidas
Adidas powerphase;baskets-baskets;40,00;ADIDAS;BEIGE;37;TRÈS BON ÉTAT;49;1;ESPAÑA;08/06/2020 23:36;2020-07-09 16:51:31.802575;511052790;https://www.vinted.fr/femmes/baskets-baskets/511052790-adidas-powerphase
Adidas powerphase w;baskets-baskets;40,00;ADIDAS;CRÈME, LILA;37.5;NEUF, AVEC ÉTIQUETTE;20;0;ESPAÑA;28/05/2020 09:01;2020-07-09 16:51:49.305034;498231508;https://www.vinted.fr/femmes/baskets-baskets/498231508-adidas-powerphase-w
Adidas powerphase;sneakers-and-converses;35,00;ADIDAS;GRIS;44;NEUF, AVEC ÉTIQUETTE;294;8;ALCOBENDAS, ESPAÑA;15/03/2020 19:13;2020-07-09 16:52:00.324331;446354129;https://www.vinted.fr/hommes/sneakers-and-converses/446354129-adidas-powerphase
Yeezy Powerphase Calabasas;sneakers-and-converses;60,00;ADIDAS;GRIS;44.5;TRÈS BON ÉTAT;146;3;COSLADA, ESPAÑA;19/02/2020 19:55;2020-07-09 16:52:15.974463;423886941;https://www.vinted.fr/hommes/sneakers-and-converses/423886941-yeezy-powerphase-calabasas
Adidas yeezy powerphase calabassas;sneakers-and-converses;75,00;ADIDAS;NOIR;44;TRÈS BON ÉTAT;118;3;BARCELONA, ESPAÑA;18/02/2020 18:22;2020-07-09 16:52:22.387019;422885354;https://www.vinted.fr/hommes/sneakers-and-converses/422885354-adidas-yeezy-powerphase-calabassas
adidas Yeezy Powerphase Calabasas;sneakers-and-converses;80,00;ADIDAS;GRIS;45;TRÈS BON ÉTAT;139;0;ANTWERPEN, BELGIQUE;20/04/2020 14:38;2020-07-09 16:53:05.548486;461819317;https://www.vinted.fr/hommes/sneakers-and-converses/461819317-adidas-yeezy-powerphase-calabasas
Yeezy powerphase grey maat 38 2/3;sneakers-and-converses;139,00;ADIDAS;GRIS;38;NEUF, AVEC ÉTIQUETTE;125;0;HARELBEKE, BELGIQUE;26/01/2020 20:21;2020-07-09 16:53:12.624806;402907962;https://www.vinted.fr/hommes/sneakers-and-converses/402907962-yeezy-powerphase-grey-maat-38-23
Yeezy powerphase black nieuw;sneakers-and-converses;110,00;ADIDAS;NOIR;43.5;NEUF, AVEC ÉTIQUETTE;138;0;BELGIQUE;06/01/2020 00:23;2020-07-09 16:53:19.169559;385222867;https://www.vinted.fr/hommes/sneakers-and-converses/385222867-yeezy-powerphase-black-nieuw
Yeezy Powerphase size 12;sneakers-and-converses;110,00;ADIDAS;GRIS;46;TRÈS BON ÉTAT;214;2;BRUXELLES, BELGIQUE;06/11/2019 14:49;2020-07-09 16:53:26.990980;341149470;https://www.vinted.fr/hommes/sneakers-and-converses/341149470-yeezy-powerphase-size-12
Yeezy powerphase;baskets-baskets;110,00;ADIDAS;GRIS;36;NEUF, AVEC ÉTIQUETTE;1606;1;HOBOKEN, BELGIQUE;31/01/2019 21:39;2020-07-09 16:53:33.784203;164453657;https://www.vinted.fr/femmes/baskets-baskets/164453657-yeezy-powerphase
Powerphase;sneakers-and-converses;60,00;ADIDAS;LILA;43.5;NEUF, AVEC ÉTIQUETTE;51;1;PARIS, FRANCE;21/06/2020 20:02;2020-07-09 16:54:08.774729;525034727;https://www.vinted.fr/hommes/sneakers-and-converses/525034727-powerphase
Yeezy powerphase noire 44 2/3 10,5 US;sneakers-and-converses;45,00;ADIDAS;NOIR;44;BON ÉTAT;48;1;GRENADE, FRANCE;21/06/2020 18:58;2020-07-09 16:54:16.017611;524944345;https://www.vinted.fr/hommes/sneakers-and-converses/524944345-yeezy-powerphase-noire-44-23-105-us
Adidas Powerphase Calabasas;sneakers-and-converses;100,00;ADIDAS;GRIS;41;TRÈS BON ÉTAT;53;0;FRANCE;21/06/2020 14:19;2020-07-09 16:54:23.705203;524490932;https://www.vinted.fr/hommes/sneakers-and-converses/524490932-adidas-powerphase-calabasas
Basket Adidas Yeezy Powerphase Calabasas Grey;baskets-baskets;70,00;ADIDAS;GRIS;39;TRÈS BON ÉTAT;66;4;FRANCE;19/06/2020 13:44;2020-07-09 16:54:33.282924;522593225;https://www.vinted.fr/femmes/baskets-baskets/522593225-basket-adidas-yeezy-powerphase-calabasas-grey
Adidas powerphase 46.2/3 neuve cuir;sneakers-and-converses;45,00;ADIDAS;GRIS;46;NEUF, AVEC ÉTIQUETTE;89;12;FRANCE;19/06/2020 12:32;2020-07-09 16:54:39.175102;522525071;https://www.vinted.fr/hommes/sneakers-and-converses/522525071-adidas-powerphase-4623-neuve-cuir
Adidas Powerphase;sneakers-and-converses;65,00;ADIDAS;LILA;42;NEUF, AVEC ÉTIQUETTE;25;2;ÉQUEURDREVILLE-HAINNEVILLE, FRANCE;15/06/2020 22:43;2020-07-09 16:54:53.046433;518931116;https://www.vinted.fr/hommes/sneakers-and-converses/518931116-adidas-powerphase
Adidas Powerphase;sneakers-and-converses;50,00;ADIDAS;GRIS;41;TRÈS BON ÉTAT;42;0;GUIDEL, FRANCE;14/06/2020 19:37;2020-07-09 16:54:59.905078;517569511;https://www.vinted.fr/hommes/sneakers-and-converses/517569511-adidas-powerphase
Yeezy Powerphase Calabasas;sneakers-and-converses;85,00;ADIDAS;NOIR;45;TRÈS BON ÉTAT;44;1;LILLE, FRANCE;07/06/2020 18:12;2020-07-09 16:55:30.248737;509414867;https://www.vinted.fr/hommes/sneakers-and-converses/509414867-yeezy-powerphase-calabasas
Adidas Yeezy Powerphase Calabasas Core Black;sneakers-and-converses;45,00;ADIDAS;NOIR;40;TRÈS BON ÉTAT;40;1;DAINVILLE, FRANCE;07/06/2020 13:57;2020-07-09 16:55:35.882946;508955626;https://www.vinted.fr/hommes/sneakers-and-converses/508955626-adidas-yeezy-powerphase-calabasas-core-black
Adidas Powerphase;sneakers-and-converses;50,00;ADIDAS;ROSE;41;NEUF, AVEC ÉTIQUETTE;70;3;RÉHON, FRANCE;06/06/2020 18:04;2020-07-09 16:55:45.979609;508210068;https://www.vinted.fr/hommes/sneakers-and-converses/508210068-adidas-powerphase
Yeezy calabasas powerphase noire;sneakers-and-converses;70,00;ADIDAS;NOIR;43;NEUF, AVEC ÉTIQUETTE;157;8;LEVALLOIS-PERRET, FRANCE;05/06/2020 14:31;2020-07-09 16:55:52.016489;506836168;https://www.vinted.fr/hommes/sneakers-and-converses/506836168-yeezy-calabasas-powerphase-noire
Adidas Powerphase Lila;baskets-baskets;40,00;ADIDAS;VIOLET, LILA;40.5;NEUF, AVEC ÉTIQUETTE;32;1;FRANCE;05/06/2020 11:55;2020-07-09 16:55:58.933081;506667196;https://www.vinted.fr/femmes/baskets-baskets/506667196-adidas-powerphase-lila
Yeezy powerphase;sneakers-and-converses;80,00;ADIDAS;NOIR;40;TRÈS BON ÉTAT;54;0;PARIS, FRANCE;03/06/2020 00:58;2020-07-09 16:56:08.760544;504302246;https://www.vinted.fr/hommes/sneakers-and-converses/504302246-yeezy-powerphase
Adidas powerphase;sneakers-and-converses;85,00;ADIDAS;BEIGE;40;NEUF, AVEC ÉTIQUETTE;105;0;ESPAÑA;28/01/2020 16:55;2020-07-09 16:56:14.314960;404352196;https://www.vinted.fr/hommes/sneakers-and-converses/404352196-adidas-powerphase
Yeezy Calabasas Powerphase;autres-sports;55,00;ADIDAS;NOIR;44;TRÈS BON ÉTAT;234;8;HUÉTOR VEGA, ESPAÑA;13/01/2020 16:37;2020-07-09 16:56:25.061455;391384915;https://www.vinted.fr/hommes/autres-sports/391384915-yeezy-calabasas-powerphase
Adidas Powerphase gris claro talla 39 1/3;baskets-baskets;55,00;ADIDAS;GRIS;39;NEUF, AVEC ÉTIQUETTE;447;2;MIRAFLORES DE LA SIERRA, ESPAÑA;16/12/2019 22:01;2020-07-09 16:56:31.077439;373628726;https://www.vinted.fr/femmes/baskets-baskets/373628726-adidas-powerphase-gris-claro-talla-39-13
zapatillas adidas powerphase;exterieur-and-randonnee;70,00;ADIDAS;BLANC;42;BON ÉTAT;267;3;VALDEMORO, ESPAÑA;11/12/2019 15:42;2020-07-09 16:56:36.941219;369994828;https://www.vinted.fr/hommes/exterieur-and-randonnee/369994828-zapatillas-adidas-powerphase
Adidas Powerphase. Talla 39 1/3;autres-sport;49,00;ADIDAS;GRIS, BLANC;39;NEUF;1336;9;ESPAÑA;08/12/2019 22:45;2020-07-09 16:56:42.855643;368230854;https://www.vinted.fr/femmes/autres-sport/368230854-adidas-powerphase-talla-39-13
Yeezy powerphase;sneakers-and-converses;45,00;ADIDAS;NOIR;41;BON ÉTAT;537;2;BARBERÀ DEL VALLÈS, ESPAÑA;12/09/2019 17:05;2020-07-09 16:56:51.796786;291671428;https://www.vinted.fr/hommes/sneakers-and-converses/291671428-yeezy-powerphase
Adidas Yeezy Powerphase;sneakers-and-converses;70,00;ADIDAS;NOIR;44;TRÈS BON ÉTAT;299;6;ESPAÑA;30/06/2019 13:38;2020-07-09 16:56:57.777849;249620144;https://www.vinted.fr/hommes/sneakers-and-converses/249620144-adidas-yeezy-powerphase
Adidas PowerPhase Custom 40;chaussures-de-marche-and-randonnee;25,00;ADIDAS;GRIS, LILA;40;BON ÉTAT;78;0;CLAMART, FRANCE;02/06/2020 00:35;2020-07-09 16:57:29.494173;503395855;https://www.vinted.fr/femmes/chaussures-de-marche-and-randonnee/503395855-adidas-powerphase-custom-40
Adidas yeezy powerphase;sneakers-and-converses;60,00;ADIDAS;NOIR, GRIS;42.5;TRÈS BON ÉTAT;106;4;BOOM, BELGIQUE;01/06/2020 11:49;2020-07-09 16:57:36.656857;502332929;https://www.vinted.fr/hommes/sneakers-and-converses/502332929-adidas-yeezy-powerphase
Adidas powerphase;sneakers-and-converses;40,00;ADIDAS;ROSE;44;TRÈS BON ÉTAT;61;1;DOMPIERRE-SUR-MER, FRANCE;30/05/2020 12:06;2020-07-09 16:57:46.524248;500196900;https://www.vinted.fr/hommes/sneakers-and-converses/500196900-adidas-powerphase
Adidas Powerphase;sneakers-and-converses;55,00;ADIDAS;GRIS;45;NEUF, AVEC ÉTIQUETTE;127;3;BLOIS, FRANCE;29/05/2020 23:42;2020-07-09 16:57:52.120750;499960176;https://www.vinted.fr/hommes/sneakers-and-converses/499960176-adidas-powerphase
Yeezy powerphase;autres-sport;70,00;ADIDAS;NOIR;38;NEUF, AVEC ÉTIQUETTE;68;4;ANTONY, FRANCE;29/05/2020 13:43;2020-07-09 16:57:57.177507;499405115;https://www.vinted.fr/femmes/autres-sport/499405115-yeezy-powerphase
Baskets PowerPhase Adidas;sneakers-and-converses;32,00;ADIDAS;BLANC;43.5;TRÈS BON ÉTAT;111;3;THIONVILLE, FRANCE;28/05/2020 22:02;2020-07-09 16:58:08.004476;499024015;https://www.vinted.fr/hommes/sneakers-and-converses/499024015-baskets-powerphase-adidas
Yeezy powerphase calabasas;sneakers-and-converses;58,00;ADIDAS;NOIR, GRIS;43;TRÈS BON ÉTAT;90;2;FRANCE;27/05/2020 14:10;2020-07-09 16:58:18.252340;497538658;https://www.vinted.fr/hommes/sneakers-and-converses/497538658-yeezy-powerphase-calabasas
Adidas Yeezy powerphase grey;sneakers-and-converses;40,00;ADIDAS;GRIS;45;TRÈS BON ÉTAT;228;10;AVIGNON, FRANCE;19/05/2020 15:14;2020-07-09 16:58:31.630676;489255948;https://www.vinted.fr/hommes/sneakers-and-converses/489255948-adidas-yeezy-powerphase-grey
Powerphase yeezy calabasas;sneakers-and-converses;50,00;ADIDAS;GRIS;38;BON ÉTAT;53;0;FRANCE;19/05/2020 14:47;2020-07-09 16:58:37.251382;489225470;https://www.vinted.fr/hommes/sneakers-and-converses/489225470-powerphase-yeezy-calabasas
Yeezy grey Calabasas UK10 44 2/3 EU;sneakers-and-converses;65,00;ADIDAS;GRIS;44.5;TRÈS BON ÉTAT;162;10;VILLEJUIF, FRANCE;18/05/2020 20:02;2020-07-09 16:58:43.548064;488687598;https://www.vinted.fr/hommes/sneakers-and-converses/488687598-yeezy-grey-calabasas-uk10-44-23-eu
Yeezy Powerphase Calabasas Grey;sneakers-and-converses;100,00;ADIDAS;GRIS;45;TRÈS BON ÉTAT;115;4;FRANCE;18/05/2020 15:20;2020-07-09 16:58:50.365661;488362577;https://www.vinted.fr/hommes/sneakers-and-converses/488362577-yeezy-powerphase-calabasas-grey
Adidas Powerphase Gummy - Owhite;sneakers-and-converses;40,00;ADIDAS;BEIGE , BLANC;43.5;TRÈS BON ÉTAT;26;0;CANNES, FRANCE;18/05/2020 13:58;2020-07-09 16:58:56.864683;488263349;https://www.vinted.fr/hommes/sneakers-and-converses/488263349-adidas-powerphase-gummy-owhite
Adidas Yeezy Powerphase 'Calabasas;sneakers-and-converses;49,00;ADIDAS;NOIR;42.5;BON ÉTAT;63;0;FRANCE;17/05/2020 10:13;2020-07-09 16:59:02.409486;486935422;https://www.vinted.fr/hommes/sneakers-and-converses/486935422-adidas-yeezy-powerphase-calabasas
Yeezy Powerphase Calabasas - Size : 8.5;sneakers-and-converses;79,99;ADIDAS;GRIS;42;TRÈS BON ÉTAT;144;0;LE CANNET, FRANCE;16/05/2020 16:47;2020-07-09 16:59:08.124370;486461132;https://www.vinted.fr/hommes/sneakers-and-converses/486461132-yeezy-powerphase-calabasas-size-85
Adidas Powerphase;baskets-baskets;25,00;ADIDAS;LILA;36.5;NEUF, AVEC ÉTIQUETTE;317;19;SARCELLES, FRANCE;15/05/2020 16:31;2020-07-09 16:59:15.233087;485561506;https://www.vinted.fr/femmes/baskets-baskets/485561506-adidas-powerphase
Adidas Powerphase Calabasas;sneakers-and-converses;40,00;ADIDAS;NOIR;40;NEUF;66;6;NICE, FRANCE;14/05/2020 11:00;2020-07-09 16:59:29.072240;484305834;https://www.vinted.fr/hommes/sneakers-and-converses/484305834-adidas-powerphase-calabasas
Adidas originals powerphase;baskets-baskets;47,00;ADIDAS;BEIGE;36;NEUF, AVEC ÉTIQUETTE;334;1;FRANCE;13/05/2020 13:44;2020-07-09 16:59:36.615981;483493453;https://www.vinted.fr/femmes/baskets-baskets/483493453-adidas-originals-powerphase
Adidas Yeezy Powerphase Calabasas Black 10US/44;sneakers-and-converses;90,00;ADIDAS;NOIR;44;TRÈS BON ÉTAT;70;1;CHAMPAGNE-AU-MONT-D'OR, FRANCE;09/05/2020 15:09;2020-07-09 17:00:08.342322;479173039;https://www.vinted.fr/hommes/sneakers-and-converses/479173039-adidas-yeezy-powerphase-calabasas-black-10us44
Adidas yeezy powerphase;sneakers-and-converses;50,00;ADIDAS;NOIR;41;BON ÉTAT;53;4;FRANCE;08/05/2020 16:51;2020-07-09 17:00:14.090102;478216819;https://www.vinted.fr/hommes/sneakers-and-converses/478216819-adidas-yeezy-powerphase
Yeezy Powerphase Calabasas;sneakers-and-converses;55,00;ADIDAS;GRIS;43;TRÈS BON ÉTAT;141;1;PESSAC, FRANCE;07/05/2020 20:06;2020-07-09 17:00:21.115529;477411303;https://www.vinted.fr/hommes/sneakers-and-converses/477411303-yeezy-powerphase-calabasas
Adidas yeezy powerphase calabasas;sneakers-and-converses;40,00;ADIDAS;NOIR;41;SATISFAISANT;184;1;VALENCE, FRANCE;22/03/2020 17:53;2020-07-09 17:01:04.838245;448509385;https://www.vinted.fr/hommes/sneakers-and-converses/448509385-adidas-yeezy-powerphase-calabasas
Yeezy powerphase;sneakers-and-converses;50,00;ADIDAS;GRIS;42;TRÈS BON ÉTAT;112;2;MARSEILLE, FRANCE;16/03/2020 17:33;2020-07-09 17:01:10.802908;446726731;https://www.vinted.fr/hommes/sneakers-and-converses/446726731-yeezy-powerphase
Powerphase yeezy calabasas;baskets-baskets;80,00;ADIDAS;GRIS, BLANC;38.5;TRÈS BON ÉTAT;196;1;ROUEN, FRANCE;11/03/2020 13:30;2020-07-09 17:01:24.980727;443057921;https://www.vinted.fr/femmes/baskets-baskets/443057921-powerphase-yeezy-calabasas
Yeezy powerphase;sneakers-and-converses;75,00;ADIDAS;GRIS;45;TRÈS BON ÉTAT;128;7;TOULOUSE, FRANCE;01/03/2020 15:50;2020-07-09 17:01:38.930951;433801658;https://www.vinted.fr/hommes/sneakers-and-converses/433801658-yeezy-powerphase
Adidas powerphase 46 2/3;sneakers-and-converses;25,00;ADIDAS;ROSE;46;TRÈS BON ÉTAT;112;5;LA VALETTE-DU-VAR, FRANCE;29/02/2020 22:18;2020-07-09 17:01:44.728118;433114430;https://www.vinted.fr/hommes/sneakers-and-converses/433114430-adidas-powerphase-46-23
Adidas yeezy powerphase;autres-sport;40,00;ADIDAS;GRIS;38;TRÈS BON ÉTAT;153;2;JETTE, BELGIQUE;24/02/2020 16:52;2020-07-09 17:01:49.784492;428283097;https://www.vinted.fr/femmes/autres-sport/428283097-adidas-yeezy-powerphase
Yeezy powerphase;sneakers-and-converses;90,00;ADIDAS;NOIR;44.5;TRÈS BON ÉTAT;111;1;PARIS, FRANCE;23/02/2020 17:28;2020-07-09 17:01:55.305482;427278728;https://www.vinted.fr/hommes/sneakers-and-converses/427278728-yeezy-powerphase
Yeezy powerphase noire;sneakers-and-converses;50,00;ADIDAS;NOIR;43;BON ÉTAT;101;0;AJACCIO, FRANCE;17/02/2020 20:27;2020-07-09 17:02:12.862551;422127626;https://www.vinted.fr/hommes/sneakers-and-converses/422127626-yeezy-powerphase-noire
Yeezy Powerphase Black;sneakers-and-converses;120,00;ADIDAS;NOIR;43;NEUF, AVEC ÉTIQUETTE;217;10;CHEVAIGNÉ, FRANCE;13/02/2020 19:54;2020-07-09 17:02:22.511197;418382812;https://www.vinted.fr/hommes/sneakers-and-converses/418382812-yeezy-powerphase-black
Adidas Alexander Wang;sneakers-and-converses;160,00;ADIDAS;NOIR, BLANC;44;BON ÉTAT;1066;13;BOULOGNE-BILLANCOURT, FRANCE;11/02/2020 07:40;2020-07-09 17:02:28.731031;416133201;https://www.vinted.fr/hommes/sneakers-and-converses/416133201-adidas-alexander-wang
Adidas YEEZY Powerphase;sneakers-and-converses;60,00;ADIDAS;GRIS, TURQUOISE;46;SATISFAISANT;1102;0;LE KREMLIN-BICÊTRE, FRANCE;10/02/2020 21:04;2020-07-09 17:02:34.705297;415999705;https://www.vinted.fr/hommes/sneakers-and-converses/415999705-adidas-yeezy-powerphase
Adidas Yeezy Powerphase EF2903 44 10us 9uk;sneakers-and-converses;65,00;ADIDAS;BLANC, LILA;44;NEUF, AVEC ÉTIQUETTE;408;6;CHARENTON-LE-PONT, FRANCE;05/02/2020 13:20;2020-07-09 17:02:43.916485;410923814;https://www.vinted.fr/hommes/sneakers-and-converses/410923814-adidas-yeezy-powerphase-ef2903-44-10us-9uk
Adidas - Powerphase - 36;baskets-baskets;30,00;ADIDAS;GRIS;36;TRÈS BON ÉTAT;91;2;LE BAN SAINT-MARTIN, FRANCE;02/02/2020 21:39;2020-07-09 17:02:58.512698;409020587;https://www.vinted.fr/femmes/baskets-baskets/409020587-adidas-powerphase-36
Adidas Powerphase;sneakers-and-converses;42,00;ADIDAS;GRIS, BLANC;41;NEUF, AVEC ÉTIQUETTE;320;5;CHÂTEAUROUX, FRANCE;31/01/2020 23:21;2020-07-09 17:03:29.826076;406897426;https://www.vinted.fr/hommes/sneakers-and-converses/406897426-adidas-powerphase
Adidas powerphase yeezy calabasas noir;sneakers-and-converses;80,00;ADIDAS;NOIR;40;NEUF;332;2;PONTOISE, FRANCE;27/01/2020 10:24;2020-07-09 17:03:36.100862;403179084;https://www.vinted.fr/hommes/sneakers-and-converses/403179084-adidas-powerphase-yeezy-calabasas-noir
Powerphase Calabasas Grey;sneakers-and-converses;100,00;ADIDAS;GRIS;43;TRÈS BON ÉTAT;175;4;LIMOGES, FRANCE;26/01/2020 13:27;2020-07-09 17:03:45.607078;402130567;https://www.vinted.fr/hommes/sneakers-and-converses/402130567-powerphase-calabasas-grey
Adidas Yeezy powerphase;sneakers-and-converses;50,00;ADIDAS;NOIR;41;TRÈS BON ÉTAT;169;2;FRANCE;25/01/2020 10:49;2020-07-09 17:04:01.173487;400980075;https://www.vinted.fr/hommes/sneakers-and-converses/400980075-adidas-yeezy-powerphase
Adidas Yeezy Powerphase Calabasas Grey en 38;sneakers-and-converses;100,00;ADIDAS;BLEU, BLEU CLAIR;38;NEUF;153;0;PARIS, FRANCE;24/01/2020 16:00;2020-07-09 17:04:07.348516;400553868;https://www.vinted.fr/hommes/sneakers-and-converses/400553868-adidas-yeezy-powerphase-calabasas-grey-en-38
yeezy calabasas;chaussures-habillees;65,00;ADIDAS;NOIR;42.5;BON ÉTAT;115;0;ROQUEMAURE, FRANCE;23/01/2020 21:37;2020-07-09 17:04:13.598828;400123421;https://www.vinted.fr/hommes/chaussures-habillees/400123421-yeezy-calabasas
Adidas Yeezy Powerphase Calabasas;sneakers-and-converses;60,00;ADIDAS;NOIR;44;BON ÉTAT;78;3;BIACHE-SAINT-VAAST, FRANCE;21/01/2020 17:04;2020-07-09 17:04:20.082575;398341873;https://www.vinted.fr/hommes/sneakers-and-converses/398341873-adidas-yeezy-powerphase-calabasas
Basket Adidas Original powerphase;baskets-baskets;90,00;ADIDAS;BLANC;38;NEUF;102;0;PARIS, FRANCE;21/01/2020 09:51;2020-07-09 17:04:26.508768;397957696;https://www.vinted.fr/femmes/baskets-baskets/397957696-basket-adidas-original-powerphase
Adidas yeezy powerphase Calabasas noires;sneakers-and-converses;65,00;ADIDAS;NOIR;43;TRÈS BON ÉTAT;153;3;REMIREMONT, FRANCE;16/01/2020 18:17;2020-07-09 17:04:36.489715;393863464;https://www.vinted.fr/hommes/sneakers-and-converses/393863464-adidas-yeezy-powerphase-calabasas-noires
Yeezy calabasas powerphase black;sneakers-and-converses;55,00;ADIDAS;NOIR;40;BON ÉTAT;110;4;PESSAC, FRANCE;16/01/2020 07:38;2020-07-09 17:04:44.507499;393379847;https://www.vinted.fr/hommes/sneakers-and-converses/393379847-yeezy-calabasas-powerphase-black
Basket calabasas yeezy powerphase;sneakers-and-converses;130,00;ADIDAS;NOIR;44;NEUF, AVEC ÉTIQUETTE;204;6;FRANCE;13/01/2020 13:04;2020-07-09 17:04:54.668385;391155236;https://www.vinted.fr/hommes/sneakers-and-converses/391155236-basket-calabasas-yeezy-powerphase
Baskets Adidas, 40;baskets-baskets;10,00;ADIDAS;GRIS;40;TRÈS BON ÉTAT;102;2;LYON, FRANCE;12/01/2020 13:59;2020-07-09 17:05:00.716773;390020170;https://www.vinted.fr/femmes/baskets-baskets/390020170-baskets-adidas-40
Yeezy Powerphase 8US;sneakers-and-converses;45,00;ADIDAS;NOIR, GRIS;41;TRÈS BON ÉTAT;149;3;TOURS, FRANCE;05/01/2020 18:32;2020-07-09 17:05:11.432785;384924212;https://www.vinted.fr/hommes/sneakers-and-converses/384924212-yeezy-powerphase-8us
Adidas Yeezy Powerphase neuve 39.1/3;sneakers-and-converses;70,00;ADIDAS;GRIS;39;NEUF, AVEC ÉTIQUETTE;221;0;LA MULATIÈRE, FRANCE;02/01/2020 20:19;2020-07-09 17:05:20.668105;382252249;https://www.vinted.fr/hommes/sneakers-and-converses/382252249-adidas-yeezy-powerphase-neuve-3913
Adidas Powerphase Calabasas;baskets-baskets;35,00;ADIDAS;GRIS, BLEU;39.5;BON ÉTAT;140;0;LYON, FRANCE;26/12/2019 14:32;2020-07-09 17:05:27.088069;377824178;https://www.vinted.fr/femmes/baskets-baskets/377824178-adidas-powerphase-calabasas
Yeezy powerphase;sneakers-and-converses;80,00;ADIDAS;NOIR;40;BON ÉTAT;61;0;MULHOUSE, FRANCE;18/12/2019 22:04;2020-07-09 17:05:55.820874;374759285;https://www.vinted.fr/hommes/sneakers-and-converses/374759285-yeezy-powerphase
Adidas calabasas/ yeezy powerphase;sneakers-and-converses;50,00;ADIDAS;NOIR;41;SATISFAISANT;167;0;CLAIRA, FRANCE;14/12/2019 17:52;2020-07-09 17:06:01.476327;371977111;https://www.vinted.fr/hommes/sneakers-and-converses/371977111-adidas-calabasas-yeezy-powerphase
Yeezy Powerphase;sneakers-and-converses;100,00;ADIDAS;NOIR;41;BON ÉTAT;83;1;FRANCE;06/12/2019 14:58;2020-07-09 17:06:07.183891;366183569;https://www.vinted.fr/hommes/sneakers-and-converses/366183569-yeezy-powerphase
Baskets Adidas Powerphase;sneakers-and-converses;60,00;ADIDAS;LILA;39;NEUF, AVEC ÉTIQUETTE;100;0;CRÉTEIL, FRANCE;05/12/2019 18:53;2020-07-09 17:06:13.376266;365718302;https://www.vinted.fr/hommes/sneakers-and-converses/365718302-baskets-adidas-powerphase
Adidas powerphase  calabasas;sport-en-interieur;40,00;ADIDAS;NOIR;44;TRÈS BON ÉTAT;150;4;DONCOURT-LÈS-CONFLANS, FRANCE;10/11/2019 21:22;2020-07-09 17:06:35.480473;345009138;https://www.vinted.fr/hommes/sport-en-interieur/345009138-adidas-powerphase-calabasas
Yeezy powerphase calabasas noir;sneakers-and-converses;85,00;ADIDAS;NOIR;40;TRÈS BON ÉTAT;156;1;FRANCE;09/11/2019 15:17;2020-07-09 17:06:42.063933;343420503;https://www.vinted.fr/hommes/sneakers-and-converses/343420503-yeezy-powerphase-calabasas-noir
Yeezy Powerphase grise, taille 45 1/3;sneakers-and-converses;66,00;ADIDAS;GRIS;45;BON ÉTAT;523;2;LYON, FRANCE;04/11/2019 18:22;2020-07-09 17:06:49.769235;339795467;https://www.vinted.fr/hommes/sneakers-and-converses/339795467-yeezy-powerphase-grise-taille-45-13
Yeezy Powerphase;sneakers-and-converses;80,00;ADIDAS;NOIR, GRIS;44.5;TRÈS BON ÉTAT;126;4;LYON, FRANCE;03/11/2019 18:04;2020-07-09 17:06:59.404506;338830716;https://www.vinted.fr/hommes/sneakers-and-converses/338830716-yeezy-powerphase
Basket adidas powerphase;chaussures-autres;55,00;ADIDAS;BLEU, BLANC;42.5;TRÈS BON ÉTAT;245;4;DRANCY, FRANCE;03/11/2019 12:24;2020-07-09 17:07:05.055492;338128281;https://www.vinted.fr/hommes/chaussures-autres/338128281-basket-adidas-powerphase
Adidas Yeezy powerphase noire taille 40;sneakers-and-converses;150,00;ADIDAS;NOIR;40;NEUF, AVEC ÉTIQUETTE;569;1;PARIS, FRANCE;02/11/2019 11:15;2020-07-09 17:07:11.143840;337044702;https://www.vinted.fr/hommes/sneakers-and-converses/337044702-adidas-yeezy-powerphase-noire-taille-40
Yeezy Powerphase;sneakers-and-converses;60,00;ADIDAS;NOIR;41;TRÈS BON ÉTAT;197;3;PARIS, FRANCE;25/10/2019 12:35;2020-07-09 17:07:25.644365;329841537;https://www.vinted.fr/hommes/sneakers-and-converses/329841537-yeezy-powerphase
Baskets adidas Yeezy Powerphase Calabasas gris anthracite neuve;sneakers-and-converses;100,00;ADIDAS;GRIS;46;NEUF, AVEC ÉTIQUETTE;667;4;FLORANGE, FRANCE;21/10/2019 14:57;2020-07-09 17:07:32.174016;326363056;https://www.vinted.fr/hommes/sneakers-and-converses/326363056-baskets-adidas-yeezy-powerphase-calabasas-gris-anthracite-neuve
Yeezy Powerphase;sneakers-and-converses;60,00;ADIDAS;NOIR, ROUGE;41;TRÈS BON ÉTAT;94;0;FRANCE;20/10/2019 20:20;2020-07-09 17:07:41.249397;325731649;https://www.vinted.fr/hommes/sneakers-and-converses/325731649-yeezy-powerphase
Adidas Yeezy Powerphase;baskets-baskets;47,00;ADIDAS;NOIR;39;TRÈS BON ÉTAT;190;3;FRANCE;19/10/2019 12:36;2020-07-09 17:07:49.181625;323779503;https://www.vinted.fr/femmes/baskets-baskets/323779503-adidas-yeezy-powerphase
Adidas Powerphase 42EU;sneakers-and-converses;80,00;ADIDAS;BLANC, ROSE;42;NEUF, AVEC ÉTIQUETTE;174;7;SAUMUR, FRANCE;08/10/2019 22:03;2020-07-09 17:07:55.275945;313774629;https://www.vinted.fr/hommes/sneakers-and-converses/313774629-adidas-powerphase-42eu
Yeezy powerphase calabasas;sneakers-and-converses;100,00;ADIDAS;NOIR;41;TRÈS BON ÉTAT;180;2;FRANCE;06/10/2019 01:22;2020-07-09 17:08:40.625335;310556652;https://www.vinted.fr/hommes/sneakers-and-converses/310556652-yeezy-powerphase-calabasas
Sneakers Yeezy Powerphase Calabasas 40 2/3 Adidas;sneakers-and-converses;100,00;ADIDAS;NOIR;40;TRÈS BON ÉTAT;507;3;VILLEMOMBLE, FRANCE;08/09/2019 23:51;2020-07-09 17:09:07.088159;289050095;https://www.vinted.fr/hommes/sneakers-and-converses/289050095-sneakers-yeezy-powerphase-calabasas-40-23-adidas
Adidas Yeezy powerphase;sneakers-and-converses;85,00;ADIDAS;NOIR;42;BON ÉTAT;101;0;VALENCE, FRANCE;30/08/2019 18:47;2020-07-09 17:09:17.905727;282050499;https://www.vinted.fr/hommes/sneakers-and-converses/282050499-adidas-yeezy-powerphase
Adidas Yeezy powerphase calabasas;baskets-baskets;110,00;ADIDAS;GRIS;37.5;TRÈS BON ÉTAT;134;1;WITRY-LÈS-REIMS, FRANCE;28/08/2019 15:57;2020-07-09 17:09:23.688547;280532243;https://www.vinted.fr/femmes/baskets-baskets/280532243-adidas-yeezy-powerphase-calabasas
Adidas powerphase;baskets-baskets;30,00;ADIDAS;GRIS;38;NEUF, AVEC ÉTIQUETTE;250;7;ISSY-LES-MOULINEAUX, FRANCE;07/08/2019 15:58;2020-07-09 17:09:31.604691;267437127;https://www.vinted.fr/femmes/baskets-baskets/267437127-adidas-powerphase
Yeezy x adidas . baskets basses powerphase en cuir;chaussures-habillees;100,00;ADIDAS;NOIR;40;TRÈS BON ÉTAT;71;0;LE CANNET, FRANCE;17/07/2019 19:07;2020-07-09 17:09:42.226725;258006694;https://www.vinted.fr/hommes/chaussures-habillees/258006694-yeezy-x-adidas-baskets-basses-powerphase-en-cuir
Yeezy Powerphase Grises;baskets-baskets;100,00;ADIDAS;GRIS;37.5;NEUF, AVEC ÉTIQUETTE;690;45;COLOMBES, FRANCE;09/06/2019 16:37;2020-07-09 17:10:21.434312;238373542;https://www.vinted.fr/femmes/baskets-baskets/238373542-yeezy-powerphase-grises
Chaussures yeezy powerphase calabasas noires;sneakers-and-converses;70,00;ADIDAS;NOIR;42.5;TRÈS BON ÉTAT;203;0;SÈTE, FRANCE;13/05/2019 18:43;2020-07-09 17:10:44.597463;222509317;https://www.vinted.fr/hommes/sneakers-and-converses/222509317-chaussures-yeezy-powerphase-calabasas-noires
Yeezy powerphase;sneakers-and-converses;70,00;ADIDAS;NOIR, GRIS;42;BON ÉTAT;146;2;ELSENE, BELGIQUE;11/05/2019 10:15;2020-07-09 17:10:59.469267;220572296;https://www.vinted.fr/hommes/sneakers-and-converses/220572296-yeezy-powerphase
Yeezy Powerphase calabasas;sneakers-and-converses;80,00;ADIDAS;NOIR;43.5;TRÈS BON ÉTAT;177;2;CLAMART, FRANCE;08/05/2019 16:38;2020-07-09 17:11:05.282934;218987059;https://www.vinted.fr/hommes/sneakers-and-converses/218987059-yeezy-powerphase-calabasas
Adidas x Yeezy Powerphase Calabasas Noires;sneakers-and-converses;100,00;ADIDAS;NOIR;42.5;NEUF, AVEC ÉTIQUETTE;771;18;ANGERS, FRANCE;13/04/2019 17:02;2020-07-09 17:11:16.860779;203059918;https://www.vinted.fr/hommes/sneakers-and-converses/203059918-adidas-x-yeezy-powerphase-calabasas-noires
Basket adidas powerphase;baskets-baskets;40,00;ADIDAS;BEIGE;39;NEUF;308;2;BORDEAUX, FRANCE;26/03/2019 19:49;2020-07-09 17:11:23.198980;192949551;https://www.vinted.fr/femmes/baskets-baskets/192949551-basket-adidas-powerphase
Yeezy powerphase calabasas;sneakers-and-converses;80,00;ADIDAS;NOIR, GRIS;44.5;BON ÉTAT;200;0;ILLANGE, FRANCE;26/03/2019 18:12;2020-07-09 17:11:29.218752;192885956;https://www.vinted.fr/hommes/sneakers-and-converses/192885956-yeezy-powerphase-calabasas
Yeezy powerphase calabasas gris;sneakers-and-converses;65,00;ADIDAS;GRIS;42.5;TRÈS BON ÉTAT;923;14;FRANCE;15/03/2019 10:47;2020-07-09 17:11:38.457633;186272303;https://www.vinted.fr/hommes/sneakers-and-converses/186272303-yeezy-powerphase-calabasas-gris
Adidas yeezy powerphase;baskets-baskets;130,00;ADIDAS;GRIS;38;NEUF, AVEC ÉTIQUETTE;212;1;PARIS, FRANCE;10/03/2019 14:07;2020-07-09 17:11:44.451777;183484850;https://www.vinted.fr/femmes/baskets-baskets/183484850-adidas-yeezy-powerphase
Yeezy powerphase calabasas black;sneakers-and-converses;95,00;ADIDAS;NOIR;45;TRÈS BON ÉTAT;307;3;SAINT-LEU-LA-FORÊT, FRANCE;24/02/2019 19:19;2020-07-09 17:11:51.922085;176036048;https://www.vinted.fr/hommes/sneakers-and-converses/176036048-yeezy-powerphase-calabasas-black
Adidas yeezy Powerphase grey 38,5;baskets-baskets;80,00;ADIDAS;GRIS;38.5;TRÈS BON ÉTAT;396;8;FRANCE;23/02/2019 10:42;2020-07-09 17:12:02.274608;175013198;https://www.vinted.fr/femmes/baskets-baskets/175013198-adidas-yeezy-powerphase-grey-385
Adidas Yeezy Powerphase Calabasas grises | Taille EU 40;sneakers-and-converses;75,00;ADIDAS;GRIS;40;TRÈS BON ÉTAT;1473;7;CHAUDFONTAINE, BELGIQUE;20/02/2019 20:25;2020-07-09 17:12:07.501358;173934172;https://www.vinted.fr/hommes/sneakers-and-converses/173934172-adidas-yeezy-powerphase-calabasas-grises-taille-eu-40
Adidas Yeezy powerphase noir;baskets-baskets;80,00;ADIDAS;NOIR;38.5;TRÈS BON ÉTAT;139;0;FRANCE;12/02/2019 16:11;2020-07-09 17:12:13.492851;169950287;https://www.vinted.fr/femmes/baskets-baskets/169950287-adidas-yeezy-powerphase-noir
Adidas powerphase calabasas;sneakers-and-converses;80,00;ADIDAS;BEIGE;43.5;SATISFAISANT;742;3;LYON, FRANCE;10/02/2019 21:13;2020-07-09 17:12:19.529879;169151485;https://www.vinted.fr/hommes/sneakers-and-converses/169151485-adidas-powerphase-calabasas
Yeezy PowerPhase;sneakers-and-converses;90,00;ADIDAS;NOIR;40;NEUF, AVEC ÉTIQUETTE;122;0;PARIS, FRANCE;09/02/2019 22:24;2020-07-09 17:12:49.587599;168442637;https://www.vinted.fr/hommes/sneakers-and-converses/168442637-yeezy-powerphase
Adidas yeezy powerphase;sneakers-and-converses;100,00;ADIDAS;NOIR;42;NEUF, AVEC ÉTIQUETTE;104;0;LAMBERSART, FRANCE;04/02/2019 10:33;2020-07-09 17:12:55.341025;166067779;https://www.vinted.fr/hommes/sneakers-and-converses/166067779-adidas-yeezy-powerphase
Adidas yezee calabasas powerphase T 40;baskets-baskets;60,00;ADIDAS;NOIR, GRIS;40;TRÈS BON ÉTAT;317;0;LA ROCHELLE, FRANCE;13/01/2019 16:53;2020-07-09 17:13:01.322907;156067059;https://www.vinted.fr/femmes/baskets-baskets/156067059-adidas-yezee-calabasas-powerphase-t-40
Yeezy powerphase;sneakers-and-converses;50,00;ADIDAS;GRIS;38;TRÈS BON ÉTAT;468;5;MEAUX, FRANCE;12/01/2019 16:06;2020-07-09 17:13:06.629857;155451664;https://www.vinted.fr/hommes/sneakers-and-converses/155451664-yeezy-powerphase
Yezzy Powerphase;baskets-baskets;120,00;ADIDAS;GRIS;38;NEUF;551;0;MÉRÉ, FRANCE;22/12/2018 16:28;2020-07-09 17:13:19.280589;148860299;https://www.vinted.fr/femmes/baskets-baskets/148860299-yezzy-powerphase
Yeezy Powerphase;sneakers-and-converses;90,00;ADIDAS;NOIR;44;NEUF;490;4;ÉPINAY-SUR-SEINE, FRANCE;20/12/2018 15:25;2020-07-09 17:13:25.185136;148491855;https://www.vinted.fr/hommes/sneakers-and-converses/148491855-yeezy-powerphase
Yeezy PowerShare;sneakers-and-converses;150,00;ADIDAS;NOIR, GRIS;39;NEUF, AVEC ÉTIQUETTE;446;0;NEUILLY-SUR-SEINE, FRANCE;03/12/2018 21:51;2020-07-09 17:13:30.980971;143628876;https://www.vinted.fr/hommes/sneakers-and-converses/143628876-yeezy-powershare
Yeezy PowerShare;sneakers-and-converses;150,00;ADIDAS;NOIR, GRIS;39;NEUF, AVEC ÉTIQUETTE;446;0;NEUILLY-SUR-SEINE, FRANCE;03/12/2018 21:51;2020-07-09 17:13:37.599453;143628876;https://www.vinted.fr/hommes/sneakers-and-converses/143628876-yeezy-powershare
Adidas powerphase;sneakers-and-converses;50,00;ADIDAS;NOIR;44;TRÈS BON ÉTAT;164;0;LEVALLOIS-PERRET, FRANCE;18/11/2018 13:29;2020-07-09 17:13:42.746254;137767221;https://www.vinted.fr/hommes/sneakers-and-converses/137767221-adidas-powerphase
Yeezy Powerphase;sneakers-and-converses;75,00;ADIDAS;GRIS;39;TRÈS BON ÉTAT;754;11;DEUIL-LA-BARRE, FRANCE;19/10/2018 00:01;2020-07-09 17:13:51.631254;125192814;https://www.vinted.fr/hommes/sneakers-and-converses/125192814-yeezy-powerphase
Yeezy Powerphase Calabasas;sneakers-and-converses;150,00;ADIDAS;GRIS;42.5;NEUF, AVEC ÉTIQUETTE;946;9;TOULOUSE, FRANCE;02/09/2018 21:45;2020-07-09 17:14:01.283677;109400353;https://www.vinted.fr/hommes/sneakers-and-converses/109400353-yeezy-powerphase-calabasas
Yeezy powerphase;baskets-baskets;190,00;ADIDAS;GRIS;39;NEUF, AVEC ÉTIQUETTE;862;2;MONT-SAINT-AIGNAN, FRANCE;27/08/2018 12:06;2020-07-09 17:14:07.261999;107066505;https://www.vinted.fr/femmes/baskets-baskets/107066505-yeezy-powerphase
Adidas Yeezy Powerphase;sneakers-and-converses;70,00;ADIDAS;NOIR;40;TRÈS BON ÉTAT;1575;2;NANTES, FRANCE;26/08/2018 21:04;2020-07-09 17:14:12.600186;106951514;https://www.vinted.fr/hommes/sneakers-and-converses/106951514-adidas-yeezy-powerphase
Yeezy powerphase 42 2/3;sneakers-and-converses;140,00;ADIDAS;NOIR;42.5;NEUF, AVEC ÉTIQUETTE;272;2;BOIS-COLOMBES, FRANCE;04/07/2018 21:13;2020-07-09 17:14:22.989943;96564510;https://www.vinted.fr/hommes/sneakers-and-converses/96564510-yeezy-powerphase-42-23
Yeezy powerphase calabasas (Négociable);sneakers-and-converses;99,99;ADIDAS;NOIR;40;TRÈS BON ÉTAT;646;2;ROANNE, FRANCE;27/06/2018 19:57;2020-07-09 17:14:29.089251;95299190;https://www.vinted.fr/hommes/sneakers-and-converses/95299190-yeezy-powerphase-calabasas-negociable
Yeezy Powerphase;baskets-baskets;200,00;ADIDAS;GRIS;37.5;NEUF;438;1;FONTENAY-SOUS-BOIS, FRANCE;21/05/2018 11:26;2020-07-09 17:14:36.484781;86821621;https://www.vinted.fr/femmes/baskets-baskets/86821621-yeezy-powerphase
Yeezy powerphase coreblack;sneakers-and-converses;100,00;ADIDAS;NOIR, GRIS;43.5;NEUF, AVEC ÉTIQUETTE;183;0;BORDEAUX, FRANCE;11/05/2018 11:13;2020-07-09 17:14:46.808806;84350498;https://www.vinted.fr/hommes/sneakers-and-converses/84350498-yeezy-powerphase-coreblack
Yeezy calabasas powerphase negras;sneakers-and-converses;90,00;ADIDAS;NOIR;42.5;TRÈS BON ÉTAT;542;2;MADRID, ESPAÑA;06/06/2019 01:01;2020-07-09 17:15:14.583549;236324232;https://www.vinted.fr/hommes/sneakers-and-converses/236324232-yeezy-calabasas-powerphase-negras
Adidas Yeezy Powerphase Calbasas;sneakers-and-converses;60,00;ADIDAS;NOIR;43;TRÈS BON ÉTAT;302;3;MONTROEUL-AU-BOIS, BELGIQUE;31/05/2019 17:49;2020-07-09 17:15:21.101008;233156575;https://www.vinted.fr/hommes/sneakers-and-converses/233156575-adidas-yeezy-powerphase-calbasas
Yeezy Powerphase;sneakers-and-converses;40,00;ADIDAS;GRIS;41;BON ÉTAT;755;11;BOURGOIN-JALLIEU, FRANCE;31/05/2019 14:46;2020-07-09 17:15:27.741803;233032425;https://www.vinted.fr/hommes/sneakers-and-converses/233032425-yeezy-powerphase
Adidas calabasas powerphase;sneakers-and-converses;45,00;ADIDAS;NOIR;42.5;BON ÉTAT;107;1;FRANCE;28/05/2019 14:12;2020-07-09 17:15:33.666256;231144094;https://www.vinted.fr/hommes/sneakers-and-converses/231144094-adidas-calabasas-powerphase
Chaussures yeezy powerphase calabasas noires;sneakers-and-converses;70,00;ADIDAS;NOIR;42.5;TRÈS BON ÉTAT;206;0;SÈTE, FRANCE;13/05/2019 18:43;2020-07-09 17:15:43.581981;222509317;https://www.vinted.fr/hommes/sneakers-and-converses/222509317-chaussures-yeezy-powerphase-calabasas-noires
Yeezy powerphase taille 43;sneakers-and-converses;70,00;ADIDAS;GRIS;43;TRÈS BON ÉTAT;196;0;NOYALO, FRANCE;12/05/2019 23:45;2020-07-09 17:15:53.691944;222105764;https://www.vinted.fr/hommes/sneakers-and-converses/222105764-yeezy-powerphase-taille-43
Yeezy powerphase;sneakers-and-converses;70,00;ADIDAS;NOIR, GRIS;42;BON ÉTAT;148;2;ELSENE, BELGIQUE;11/05/2019 10:15;2020-07-09 17:16:03.497809;220572296;https://www.vinted.fr/hommes/sneakers-and-converses/220572296-yeezy-powerphase
Yeezy Powerphase calabasas;sneakers-and-converses;80,00;ADIDAS;NOIR;43.5;TRÈS BON ÉTAT;177;2;CLAMART, FRANCE;08/05/2019 16:38;2020-07-09 17:16:08.832580;218987059;https://www.vinted.fr/hommes/sneakers-and-converses/218987059-yeezy-powerphase-calabasas
Adidas x Yeezy Powerphase Calabasas Noires;sneakers-and-converses;100,00;ADIDAS;NOIR;42.5;NEUF, AVEC ÉTIQUETTE;771;18;ANGERS, FRANCE;13/04/2019 17:02;2020-07-09 17:16:24.276903;203059918;https://www.vinted.fr/hommes/sneakers-and-converses/203059918-adidas-x-yeezy-powerphase-calabasas-noires
Basket adidas powerphase;baskets-baskets;40,00;ADIDAS;BEIGE;39;NEUF;308;2;BORDEAUX, FRANCE;26/03/2019 19:49;2020-07-09 17:16:31.465992;192949551;https://www.vinted.fr/femmes/baskets-baskets/192949551-basket-adidas-powerphase
Yeezy calabasas powerphase deadstock;sneakers-and-converses;150,00;ADIDAS;GRIS;43;NEUF, AVEC ÉTIQUETTE;289;1;LIEUSAINT, FRANCE;18/03/2019 15:05;2020-07-09 17:16:37.793151;188376863;https://www.vinted.fr/hommes/sneakers-and-converses/188376863-yeezy-calabasas-powerphase-deadstock
Yeezy calabasas powerphase deadstock;sneakers-and-converses;150,00;ADIDAS;GRIS;43;NEUF, AVEC ÉTIQUETTE;289;1;LIEUSAINT, FRANCE;18/03/2019 15:05;2020-07-09 17:16:43.218912;188376863;https://www.vinted.fr/hommes/sneakers-and-converses/188376863-yeezy-calabasas-powerphase-deadstock
Adidas yeezy powerphase;baskets-baskets;130,00;ADIDAS;GRIS;38;NEUF, AVEC ÉTIQUETTE;212;1;PARIS, FRANCE;10/03/2019 14:07;2020-07-09 17:16:48.859369;183484850;https://www.vinted.fr/femmes/baskets-baskets/183484850-adidas-yeezy-powerphase
Yeezy powerphase calabasas black;sneakers-and-converses;95,00;ADIDAS;NOIR;45;TRÈS BON ÉTAT;309;3;SAINT-LEU-LA-FORÊT, FRANCE;24/02/2019 19:19;2020-07-09 17:16:58.041153;176036048;https://www.vinted.fr/hommes/sneakers-and-converses/176036048-yeezy-powerphase-calabasas-black
Adias YEEZY Powerphase;sneakers-and-converses;80,00;ADIDAS;GRIS;42;NEUF;666;7;TORTEVAL-QUESNAY, FRANCE;23/02/2019 15:35;2020-07-09 17:17:04.183390;175210771;https://www.vinted.fr/hommes/sneakers-and-converses/175210771-adias-yeezy-powerphase
Adidas yeezy Powerphase grey 38,5;baskets-baskets;80,00;ADIDAS;GRIS;38.5;TRÈS BON ÉTAT;399;8;FRANCE;23/02/2019 10:42;2020-07-09 17:17:09.913028;175013198;https://www.vinted.fr/femmes/baskets-baskets/175013198-adidas-yeezy-powerphase-grey-385
Yeezy powerphase;baskets-baskets;110,00;ADIDAS;GRIS;36;NEUF, AVEC ÉTIQUETTE;1608;1;HOBOKEN, BELGIQUE;31/01/2019 21:39;2020-07-09 17:17:46.406607;164453657;https://www.vinted.fr/femmes/baskets-baskets/164453657-yeezy-powerphase
Adidas yezee calabasas powerphase T 40;baskets-baskets;60,00;ADIDAS;NOIR, GRIS;40;TRÈS BON ÉTAT;319;0;LA ROCHELLE, FRANCE;13/01/2019 16:53;2020-07-09 17:17:53.378061;156067059;https://www.vinted.fr/femmes/baskets-baskets/156067059-adidas-yezee-calabasas-powerphase-t-40
Yeezy powerphase;sneakers-and-converses;70,00;ADIDAS;GRIS;40;TRÈS BON ÉTAT;273;2;NANTES, FRANCE;08/01/2019 19:08;2020-07-09 17:18:02.296627;154073138;https://www.vinted.fr/hommes/sneakers-and-converses/154073138-yeezy-powerphase
Yeezy powerphase;sneakers-and-converses;100,00;ADIDAS;NOIR;41;NEUF, AVEC ÉTIQUETTE;197;1;CHAVIGNON, FRANCE;04/12/2018 15:04;2020-07-09 17:18:22.818964;143781674;https://www.vinted.fr/hommes/sneakers-and-converses/143781674-yeezy-powerphase
Adidas powerphase;sneakers-and-converses;50,00;ADIDAS;NOIR;44;TRÈS BON ÉTAT;167;0;LEVALLOIS-PERRET, FRANCE;18/11/2018 13:29;2020-07-09 17:18:31.498800;137767221;https://www.vinted.fr/hommes/sneakers-and-converses/137767221-adidas-powerphase
Yeezy Powerphase;sneakers-and-converses;75,00;ADIDAS;GRIS;39;TRÈS BON ÉTAT;757;11;DEUIL-LA-BARRE, FRANCE;19/10/2018 00:01;2020-07-09 17:18:37.599140;125192814;https://www.vinted.fr/hommes/sneakers-and-converses/125192814-yeezy-powerphase
Yeezy Powerphase;sneakers-and-converses;75,00;ADIDAS;GRIS;39;TRÈS BON ÉTAT;757;11;DEUIL-LA-BARRE, FRANCE;19/10/2018 00:01;2020-07-09 17:18:43.597238;125192814;https://www.vinted.fr/hommes/sneakers-and-converses/125192814-yeezy-powerphase
Chaussures Yeezy powerphase calabasas;baskets-baskets;140,00;ADIDAS;GRIS, BLEU CLAIR;38;NEUF;534;1;PAULHAC, FRANCE;24/09/2018 19:44;2020-07-09 17:18:49.604698;116432459;https://www.vinted.fr/femmes/baskets-baskets/116432459-chaussures-yeezy-powerphase-calabasas
Adidas Yeezy Powerphase;sneakers-and-converses;70,00;ADIDAS;NOIR;40;TRÈS BON ÉTAT;1577;2;NANTES, FRANCE;26/08/2018 21:04;2020-07-09 17:19:03.980680;106951514;https://www.vinted.fr/hommes/sneakers-and-converses/106951514-adidas-yeezy-powerphase
Yeezy calabasas powerphase;sneakers-and-converses;110,00;ADIDAS;NOIR;43.5;NEUF;284;0;FRANCE;21/08/2018 16:21;2020-07-09 17:19:09.773297;105342630;https://www.vinted.fr/hommes/sneakers-and-converses/105342630-yeezy-calabasas-powerphase
Yeezy powerphase 42 2/3;sneakers-and-converses;140,00;ADIDAS;NOIR;42.5;NEUF, AVEC ÉTIQUETTE;274;2;BOIS-COLOMBES, FRANCE;04/07/2018 21:13;2020-07-09 17:19:14.645965;96564510;https://www.vinted.fr/hommes/sneakers-and-converses/96564510-yeezy-powerphase-42-23
Yeezy powerphase;sneakers-and-converses;100,00;ADIDAS;NOIR;45.5;TRÈS BON ÉTAT;351;0;CANAULES-ET-ARGENTIÈRES, FRANCE;30/05/2018 14:21;2020-07-09 17:19:24.790489;88924361;https://www.vinted.fr/hommes/sneakers-and-converses/88924361-yeezy-powerphase
Yeezy powerphase grey;baskets-baskets;100,00;ADIDAS;GRIS;36;TRÈS BON ÉTAT;817;0;SAINT-NAZAIRE, FRANCE;13/05/2018 23:54;2020-07-09 17:19:32.669149;85214194;https://www.vinted.fr/femmes/baskets-baskets/85214194-yeezy-powerphase-grey
Yeezy powerphase coreblack;sneakers-and-converses;100,00;ADIDAS;NOIR, GRIS;43.5;NEUF, AVEC ÉTIQUETTE;185;0;BORDEAUX, FRANCE;11/05/2018 11:13;2020-07-09 17:20:00.261480;84350498;https://www.vinted.fr/hommes/sneakers-and-converses/84350498-yeezy-powerphase-coreblack
Adidas Yeezy Powerphase;sneakers-and-converses;120,00;ADIDAS;NOIR;43;NEUF, AVEC ÉTIQUETTE;421;1;ARLES, FRANCE;27/04/2018 20:39;2020-07-09 17:20:06.571383;80541912;https://www.vinted.fr/hommes/sneakers-and-converses/80541912-adidas-yeezy-powerphase
Yeezy powerphase calabasas;sneakers-and-converses;200,00;ADIDAS;NOIR;42;NEUF, AVEC ÉTIQUETTE;271;0;MARSEILLE, FRANCE;19/04/2018 11:16;2020-07-09 17:20:13.125888;78381878;https://www.vinted.fr/hommes/sneakers-and-converses/78381878-yeezy-powerphase-calabasas
Yeezy Powerphase;sneakers-and-converses;150,00;ADIDAS;NOIR;44;TRÈS BON ÉTAT;342;0;PARIS, FRANCE;09/04/2018 09:29;2020-07-09 17:20:19.017617;75906688;https://www.vinted.fr/hommes/sneakers-and-converses/75906688-yeezy-powerphase
Yeezy powerphase calabassas black authentique;chaussures-habillees;150,00;ADIDAS;NOIR;44;NEUF, AVEC ÉTIQUETTE;1260;2;LA BÂTIE-NEUVE, FRANCE;29/03/2018 14:12;2020-07-09 17:20:25.120693;73414847;https://www.vinted.fr/hommes/chaussures-habillees/73414847-yeezy-powerphase-calabassas-black-authentique
Yeezy powerphase Calabasas noir;sneakers-and-converses;200,00;ADIDAS;NOIR, GRIS;40;NEUF, AVEC ÉTIQUETTE;526;0;RENNES, FRANCE;27/03/2018 12:06;2020-07-09 17:20:30.591311;72963937;https://www.vinted.fr/hommes/sneakers-and-converses/72963937-yeezy-powerphase-calabasas-noir
Adidas Yeezy Powerphase (convient à un 43);sneakers-and-converses;100,00;ADIDAS;NOIR;44;NEUF, AVEC ÉTIQUETTE;436;8;HAGUENAU, FRANCE;24/03/2018 13:24;2020-07-09 17:20:49.149544;72248499;https://www.vinted.fr/hommes/sneakers-and-converses/72248499-adidas-yeezy-powerphase-convient-a-un-43
Yeezy powerphase black;sneakers-and-converses;140,00;ADIDAS;NOIR;44;NEUF, AVEC ÉTIQUETTE;678;3;NÎMES, FRANCE;22/03/2018 20:19;2020-07-09 17:20:56.694665;71979484;https://www.vinted.fr/hommes/sneakers-and-converses/71979484-yeezy-powerphase-black
Adossa powerphase black;autres-sports;175,00;ADIDAS;NOIR;46;NEUF;136;0;MELUN, FRANCE;21/03/2018 11:05;2020-07-09 17:21:02.919404;71658382;https://www.vinted.fr/hommes/autres-sports/71658382-adossa-powerphase-black
Yeezy Powerphase noir Eu 42;sneakers-and-converses;130,00;ADIDAS;NOIR;42;NEUF, AVEC ÉTIQUETTE;386;0;PARIS, FRANCE;20/03/2018 19:47;2020-07-09 17:21:08.533104;71584517;https://www.vinted.fr/hommes/sneakers-and-converses/71584517-yeezy-powerphase-noir-eu-42
Yeezy Powerphase black;sneakers-and-converses;140,00;ADIDAS;NOIR;42.5;NEUF, AVEC ÉTIQUETTE;121;1;MEUDON, FRANCE;18/03/2018 11:10;2020-07-09 17:21:14.050822;70925542;https://www.vinted.fr/hommes/sneakers-and-converses/70925542-yeezy-powerphase-black
Yeezy Powerphase Core Black;sneakers-and-converses;150,00;ADIDAS;NOIR;42.5;NEUF, AVEC ÉTIQUETTE;227;0;CHATOU, FRANCE;17/03/2018 18:47;2020-07-09 17:21:19.899654;70831419;https://www.vinted.fr/hommes/sneakers-and-converses/70831419-yeezy-powerphase-core-black
Yeezy Powerphase Calabasas Black;sneakers-and-converses;170,00;ADIDAS;NOIR;42.5;NEUF, AVEC ÉTIQUETTE;209;3;PARIS, FRANCE;17/03/2018 17:07;2020-07-09 17:21:25.677614;70797474;https://www.vinted.fr/hommes/sneakers-and-converses/70797474-yeezy-powerphase-calabasas-black
Yeezy powerphase;sneakers-and-converses;85,00;ADIDAS;NOIR;44;TRÈS BON ÉTAT;533;3;NANTERRE, FRANCE;17/03/2018 12:42;2020-07-09 17:21:31.122729;70718704;https://www.vinted.fr/hommes/sneakers-and-converses/70718704-yeezy-powerphase
Yeezy powerphase Grey;sneakers-and-converses;150,00;ADIDAS;GRIS;;NEUF, AVEC ÉTIQUETTE;169;0;LILLE, FRANCE;24/01/2018 22:49;2020-07-09 17:21:36.926669;61349139;https://www.vinted.fr/hommes/sneakers-and-converses/61349139-yeezy-powerphase-grey
Adidas powerphase og taille 39 mais peut correspondre à une 38 et demi;baskets-baskets;40,00;ADIDAS;NOIR;39;NEUF;647;0;FRANCE;16/10/2015 22:21;2020-07-09 17:21:45.842490;17784146;https://www.vinted.fr/femmes/baskets-baskets/17784146-adidas-powerphase-og-taille-39-mais-peut-correspondre-a-une-38-et-demi
